Workbook

Sheet Forudsætninger
A1: Controlling af drift i bottom up (LB)
A3: Benchmark (måned/12) | B3: 0.5
A4: Benchmarkmåned | B4: 6
A5: Kørt den | B5: 46231
A7: LB-fil | B7: LB fil EPM Projektbudget Løbende Budget(LB fil).csv
A8: Projektstamdatafil | B8: Projektstamdata - Projektoprettelse(sheet1).csv
A10: Medtagne udgiftskategorier | B10: Intern produktion mv., køb; Lejeomkostninger o.l.; Rejser og repræsentation; Øvrige omkostninger
A11: Gruppering | B11: Projekt + UK + udgiftskategori
A12: Antal linjer i output | B12: 14
A14: Bemærk | B14: Gul celle B3 er eneste inputcelle. Ændres benchmark her, genberegnes kolonne J og K på fanen Drift.
A15: Kolonne H | B15: Beregnes som F-G (svarer til LB-filens kolonne J).
A16: Kolonne I | B16: G/F, dvs. forbrugsprocent af løbende budget.
A17: Kolonne K | B17: G/J-F, dvs. estimeret helårsforbrug minus løbende budget.

Sheet Drift
A1: Sektionsnummer | B1: Projektnummer | C1: Projektnavn | D1: UK | E1: Udgiftskategori | F1: Løbende budget YTD | G1: Actuals YTD | H1: Difference YTD | I1: Difference YTD % | J1: Benchmark | K1: Beregnet justering | L1: Kommentar YTD | M1: Projektcontroller | N1: Startdato | O1: Slutdato
A2: 7810 | B2: 108750 | C2: 78 - 78811 - Web og Visuel Identitet | D2: 10 | E2: Intern produktion mv., køb | F2: 211705.31 | G2: 146602.6 | H2: =F2-G2 | I2: =IFERROR(G2/F2,"") | J2: =Forudsætninger!$B$3 | K2: =IFERROR(G2/J2-F2,"") | L2: =IF(F2=0,"LB = 0","") | M2: Karina Hejgård Yagmurcu | N2: 44562 | O2: 55153
A3: 7810 | B3: 108750 | C3: 78 - 78811 - Web og Visuel Identitet | D3: 10 | E3: Øvrige omkostninger | F3: 2782093.8 | G3: 2820417 | H3: =F3-G3 | I3: =IFERROR(G3/F3,"") | J3: =Forudsætninger!$B$3 | K3: =IFERROR(G3/J3-F3,"") | L3: =IF(F3=0,"LB = 0","") | M3: Karina Hejgård Yagmurcu | N3: 44562 | O3: 55153
A4: 7810 | B4: 108805 | C4: 78 - 78813 - Formidling og Presse | D4: 10 | E4: Intern produktion mv., køb | F4: 3150 | G4: 3150 | H4: =F4-G4 | I4: =IFERROR(G4/F4,"") | J4: =Forudsætninger!$B$3 | K4: =IFERROR(G4/J4-F4,"") | L4: =IF(F4=0,"LB = 0","") | M4: Karina Hejgård Yagmurcu | N4: 44562 | O4: 55153
A5: 7810 | B5: 108805 | C5: 78 - 78813 - Formidling og Presse | D5: 10 | E5: Øvrige omkostninger | F5: 1182716.9 | G5: 1182716.9 | H5: =F5-G5 | I5: =IFERROR(G5/F5,"") | J5: =Forudsætninger!$B$3 | K5: =IFERROR(G5/J5-F5,"") | L5: =IF(F5=0,"LB = 0","") | M5: Karina Hejgård Yagmurcu | N5: 44562 | O5: 55153
A6: 7810 | B6: 108818 | C6: 78 - 78812 - Organisatorisk Kommunik | D6: 10 | E6: Øvrige omkostninger | F6: 1900 | G6: 1900 | H6: =F6-G6 | I6: =IFERROR(G6/F6,"") | J6: =Forudsætninger!$B$3 | K6: =IFERROR(G6/J6-F6,"") | L6: =IF(F6=0,"LB = 0","") | M6: Karina Hejgård Yagmurcu | N6: 44562 | O6: 55153
A7: 7810 | B7: 108829 | C7: 78 - 78810 - Studenterrekruttering | D7: 10 | E7: Intern produktion mv., køb | F7: 27236.96 | G7: 24837 | H7: =F7-G7 | I7: =IFERROR(G7/F7,"") | J7: =Forudsætninger!$B$3 | K7: =IFERROR(G7/J7-F7,"") | L7: =IF(F7=0,"LB = 0","") | M7: Karina Hejgård Yagmurcu | N7: 44562 | O7: 55153
A8: 7810 | B8: 108829 | C8: 78 - 78810 - Studenterrekruttering | D8: 10 | E8: Rejser og repræsentation | F8: 231363.46 | G8: 198981.69 | H8: =F8-G8 | I8: =IFERROR(G8/F8,"") | J8: =Forudsætninger!$B$3 | K8: =IFERROR(G8/J8-F8,"") | L8: =IF(F8=0,"LB = 0","") | M8: Karina Hejgård Yagmurcu | N8: 44562 | O8: 55153
A9: 7810 | B9: 108829 | C9: 78 - 78810 - Studenterrekruttering | D9: 10 | E9: Øvrige omkostninger | F9: 3585858.1 | G9: 3527187.3 | H9: =F9-G9 | I9: =IFERROR(G9/F9,"") | J9: =Forudsætninger!$B$3 | K9: =IFERROR(G9/J9-F9,"") | L9: =IF(F9=0,"LB = 0","") | M9: Karina Hejgård Yagmurcu | N9: 44562 | O9: 55153
A10: 7810 | B10: 115940 | C10: 78 - EU EuroTeQ 2030 (Erasmus+) AKM | D10: 11 | E10: Lejeomkostninger o.l. | F10: 0 | G10: 4420.32 | H10: =F10-G10 | I10: =IFERROR(G10/F10,"") | J10: =Forudsætninger!$B$3 | K10: =IFERROR(G10/J10-F10,"") | L10: =IF(F10=0,"LB = 0","") | M10: Victor Lucas Ingerslev Jørgensen | N10: 45658 | O10: 46752
A11: 7810 | B11: 115940 | C11: 78 - EU EuroTeQ 2030 (Erasmus+) AKM | D11: 11 | E11: Rejser og repræsentation | F11: 0 | G11: 225.88 | H11: =F11-G11 | I11: =IFERROR(G11/F11,"") | J11: =Forudsætninger!$B$3 | K11: =IFERROR(G11/J11-F11,"") | L11: =IF(F11=0,"LB = 0","") | M11: Victor Lucas Ingerslev Jørgensen | N11: 45658 | O11: 46752
A12: 7810 | B12: 115940 | C12: 78 - EU EuroTeQ 2030 (Erasmus+) AKM | D12: 11 | E12: Øvrige omkostninger | F12: 28958.62 | G12: 25323.88 | H12: =F12-G12 | I12: =IFERROR(G12/F12,"") | J12: =Forudsætninger!$B$3 | K12: =IFERROR(G12/J12-F12,"") | L12: =IF(F12=0,"LB = 0","") | M12: Victor Lucas Ingerslev Jørgensen | N12: 45658 | O12: 46752
A13: 7810 | B13: 115940 | C13: 78 - EU EuroTeQ 2030 (Erasmus+) AKM | D13: 97 | E13: Lejeomkostninger o.l. | F13: 0 | G13: 20136.96 | H13: =F13-G13 | I13: =IFERROR(G13/F13,"") | J13: =Forudsætninger!$B$3 | K13: =IFERROR(G13/J13-F13,"") | L13: =IF(F13=0,"LB = 0","") | M13: Victor Lucas Ingerslev Jørgensen | N13: 45658 | O13: 46752
... A15: 7810 | B15: 115940 | C15: 78 - EU EuroTeQ 2030 (Erasmus+) AKM | D15: 97 | E15: Øvrige omkostninger | F15: 139791.39 | G15: 118868.85 | H15: =F15-G15 | I15: =IFERROR(G15/F15,"") | J15: =Forudsætninger!$B$3 | K15: =IFERROR(G15/J15-F15,"") | L15: =IF(F15=0,"LB = 0","") | M15: Victor Lucas Ingerslev Jørgensen | N15: 45658 | O15: 46752
E16: I alt | F16: =SUM(F2:F15) | G16: =SUM(G2:G15) | H16: =SUM(H2:H15) | I16: =IFERROR(G16/F16,"") | K16: =SUM(K2:K15)

Sheet Fravalgt
A1: Projektnummer | B1: Projektnavn | C1: Sektionsnummer | D1: Projektcontroller | E1: Årsag
A2: 109557 | B2: 78 - 78814 - EU EuroTeQ | C2: 7810 | D2: Victor Lucas Ingerslev Jørgensen | E2: Ingen driftskategorier i LB-filen. Kategorier: Omk. ved lukning af projekter
